,qini,aqini,cgains,Model
0,0.2100918104574187,0.1904640090200632,0.18440018545544232,XL
1,0.1123116835296516,0.09496569984445503,0.09066568802607163,XL
2,0.17393054323183868,0.1536168212899018,0.1488742519376174,XL
3,0.18142383992041805,0.16367916067619756,0.1580331692606642,XL
4,0.19727042683448767,0.18036800275363202,0.17513773346353181,XL
