,qini,aqini,cgains,Model
0,0.2352629300534,0.21315564358836522,0.2066090612414756,OT
1,0.19359893245030751,0.16977100524135824,0.16454445964401362,OT
2,0.18922035305610466,0.16569073912099277,0.1607861368908862,OT
3,0.21774198201207492,0.19516125090548317,0.18929760937650705,OT
4,0.21051579186740307,0.18782466848740406,0.18228651060144052,OT
