,qini,aqini,cgains,Model
0,0.1486189778942153,0.13175862892748108,0.12657899415106474,TMA
1,0.09097950271034998,0.07711996462609573,0.0728151750288048,TMA
2,0.12727195609685754,0.10795862236898646,0.10338156422212409,TMA
3,0.15083308134501014,0.1365086356644537,0.13096248588936013,TMA
4,0.1673643197424234,0.15287656683813897,0.14772992663780554,TMA
