,qini,aqini,cgains,Model
0,0.22897388623595555,0.20940182243714922,0.20347207163825706,SMA
1,0.01616976592160363,0.016412729165855365,0.016487656752357367,SMA
2,0.007223430336616054,0.005789009031663772,0.0054205474032254265,SMA
3,0.00744350251581592,0.007621539312816839,0.007668447573298726,SMA
4,0.01008050338246231,0.009954501326890014,0.009879794777420766,SMA
