,qini,aqini,cgains,Model
0,0.10766675984876489,0.08599325055218308,0.08384626031279008,OT
1,0.10325751822438345,0.08122896527052156,0.07917044527033228,OT
2,0.10258877286006735,0.08300206647130438,0.08114858380511518,OT
3,0.10871787658833339,0.08781378221753915,0.08572005805078099,OT
4,0.10172912376764223,0.08079553423645727,0.0788656100650473,OT
