,qini,aqini,cgains,Model
0,0.11051823224332372,0.08997357005297671,0.08682494520600513,XL
1,0.10615069408940515,0.08451024640609421,0.08153927719125374,XL
2,0.10815567581458387,0.09019161497426625,0.08755386143531825,XL
3,0.11380392941522635,0.09433293803115682,0.0913528037061221,XL
4,0.10712815029697334,0.08659555969072234,0.08380262915551702,XL
