,qini,aqini,cgains,Model
0,0.11617325871812029,0.09647550575365084,0.09324649044285886,TMA
1,0.1004508201409335,0.08134322670786229,0.07861948282947732,TMA
2,0.10157777310526447,0.08397233769815406,0.08133872126772519,TMA
3,0.09965827250525336,0.08226609320069926,0.07966335186663229,TMA
4,0.10504298819923442,0.08617335873273574,0.08342339661107713,TMA
