,qini,aqini,cgains,Model
0,0.1119931274924665,0.08827979747471101,0.08545035452512946,SMA
1,0.10869849973697425,0.08545254969028453,0.08275676617114736,SMA
2,0.10617960134904351,0.08349459872085696,0.08092871896945504,SMA
3,0.11373597007326888,0.09062204286041144,0.08771628744110495,SMA
4,0.10578060871941869,0.08322194482354092,0.08076038273519026,SMA
